{"mean":{"confidence_interval":{"confidence_level":0.95,"lower_bound":30437689.0,"upper_bound":62131064.625},"point_estimate":41306375.0,"standard_error":9762819.14296894},"median":{"confidence_interval":{"confidence_level":0.95,"lower_bound":30226300.0,"upper_bound":32724850.0},"point_estimate":31023350.0,"standard_error":2417688.9041955075},"median_abs_dev":{"confidence_interval":{"confidence_level":0.95,"lower_bound":113048.2479929924,"upper_bound":3297265.2764618397},"point_estimate":1122661.7650687695,"standard_error":2881831.4656549445},"slope":null,"std_dev":{"confidence_interval":{"confidence_level":0.95,"lower_bound":730815.6311805173,"upper_bound":49868377.105991796},"point_estimate":32536958.912146267,"standard_error":18128505.81512082}}